{"flutter":{"platforms":{"android":{"default":{"projectId":"testing-cli-e0ea5","appId":"1:74334729230:android:97b92e1925f42d3625385f","fileOutput":"android/app/google-services.json"}},"dart":{"lib/firebase_options.dart":{"projectId":"testing-cli-e0ea5","configurations":{"android":"1:74334729230:android:97b92e1925f42d3625385f","ios":"1:74334729230:ios:2040aef18403e86325385f","macos":"1:74334729230:ios:2040aef18403e86325385f","web":"1:74334729230:web:6623b3063c171feb25385f","windows":"1:74334729230:web:4f9f23210bbd72b325385f"}}}}}}