{
  "project_info": {
    "project_number": "74334729230",
    "project_id": "testing-cli-e0ea5",
    "storage_bucket": "testing-cli-e0ea5.firebasestorage.app"
  },
  "client": [
    {
      "client_info": {
        "mobilesdk_app_id": "1:74334729230:android:97b92e1925f42d3625385f",
        "android_client_info": {
          "package_name": "com.techease.crud_op"
        }
      },
      "oauth_client": [],
      "api_key": [
        {
          "current_key": "AIzaSyByE1iZaXdtWzSZ9BX-kkKx1SBc20oOip0"
        }
      ],
      "services": {
        "appinvite_service": {
          "other_platform_oauth_client": []
        }
      }
    }
  ],
  "configuration_version": "1"
}