{
  "project_info": {
    "project_number": "228604895992",
    "project_id": "coffeeshop-5cae5",
    "storage_bucket": "coffeeshop-5cae5.firebasestorage.app"
  },
  "client": [
    {
      "client_info": {
        "mobilesdk_app_id": "1:228604895992:android:4635495bb13c24eafe110d",
        "android_client_info": {
          "package_name": "com.example.mad_project"
        }
      },
      "oauth_client": [],
      "api_key": [
        {
          "current_key": "AIzaSyB31ZngYG-YRwyhF1WHW22mF8B-nC0_EqI"
        }
      ],
      "services": {
        "appinvite_service": {
          "other_platform_oauth_client": []
        }
      }
    }
  ],
  "configuration_version": "1"
}