{"flutter":{"platforms":{"android":{"default":{"projectId":"coffeeshop-5cae5","appId":"1:228604895992:android:4635495bb13c24eafe110d","fileOutput":"android/app/google-services.json"}},"dart":{"lib/firebase_options.dart":{"projectId":"coffeeshop-5cae5","configurations":{"android":"1:228604895992:android:4635495bb13c24eafe110d","ios":"1:228604895992:ios:c01275968de10a94fe110d","macos":"1:228604895992:ios:c01275968de10a94fe110d","web":"1:228604895992:web:1a2abad05381d3d2fe110d","windows":"1:228604895992:web:09904dbbc9efa5a2fe110d"}}}}}}